script	doc_status	n_doc_refs	doc_refs	n_output_dirs	output_dirs	n_summary_json	summary_json	observed_statuses
scripts/v45_array_processing_readiness.py	DOCUMENTED	2	docs/validation/ARRAY_PROCESSING_READINESS_V45.md;meta/V45_QUEUE.md	1	analysis/v45_array_processing_readiness	1	analysis/v45_array_processing_readiness/summary.json	readiness_check_only
scripts/v45_artifact_index.py	DOCUMENTED	2	docs/validation/V45_ARTIFACT_INDEX.md;meta/V45_QUEUE.md	2	analysis/v45_artifact_index;analysis/v45_synthetic_artifact_index	2	analysis/v45_artifact_index/summary.json;analysis/v45_synthetic_artifact_index/summary.json	none
scripts/v45_author_run_bundle_dryrun_manifest.py	DOCUMENTED	2	docs/validation/AUTHOR_RUN_BUNDLE_DRYRUN_MANIFEST_V45.md;meta/V45_QUEUE.md	1	analysis/v45_author_run_bundle_dryrun_manifest	2	analysis/v45_author_run_bundle_dryrun_manifest/live/author_run_bundle_dryrun_summary.json;analysis/v45_author_run_bundle_dryrun_manifest/synthetic_missing_required/author_run_bundle_dryrun_summary.json	none
scripts/v45_author_run_output_check.py	DOCUMENTED	3	docs/validation/AUTHOR_RUN_OUTPUT_COMPLETENESS_CHECK_V45.md;docs/validation/AUTHOR_RUN_REDACTION_PRECHECK_V45.md;meta/V45_QUEUE.md	2	analysis/v45_author_run_output_check;analysis/v45_author_run_output_check_incomplete	3	analysis/v45_author_run_output_check/author_run_output_check_summary.json;analysis/v45_author_run_output_check/synthetic_complete_author_run_package/validation_summary.json;analysis/v45_author_run_output_check_incomplete/author_run_output_check_summary.json	FAIL;PASS
scripts/v45_author_run_packet_checksum_manifest.py	DOCUMENTED	2	docs/validation/AUTHOR_RUN_PACKET_CHECKSUMS_V45.md;meta/V45_QUEUE.md	1	analysis/v45_author_run_packet_checksums	4	analysis/v45_author_run_packet_checksums/synthetic_broken_verify/author_run_packet_checksum_verify_summary.json;analysis/v45_author_run_packet_checksums/synthetic_check_summary.json;analysis/v45_author_run_packet_checksums/verify/author_run_packet_checksum_verify_summary.json;analysis/v45_author_run_packet_checksums/write/author_run_packet_checksum_summary.json	FAIL;PASS
scripts/v45_author_run_redaction_precheck.py	DOCUMENTED	3	docs/validation/AUTHOR_RUN_REDACTION_PRECHECK_V45.md;docs/validation/SENSITIVE_DATA_REDACTION_CHECKLIST_V45.md;meta/V45_QUEUE.md	1	analysis/v45_author_run_redaction_precheck	5	analysis/v45_author_run_redaction_precheck/complete_fixture/author_run_redaction_precheck_summary.json;analysis/v45_author_run_redaction_precheck/risky_fixture/author_run_redaction_precheck_summary.json;analysis/v45_author_run_redaction_precheck/synthetic_check_summary.json;analysis/v45_author_run_redaction_precheck/synthetic_complete_aggregate_package/validation_summary.json;analysis/v45_author_run_redaction_precheck/synthetic_risky_aggregate_package/validation_summary.json	FAIL;PASS
scripts/v45_author_run_return_gate_runner.py	DOCUMENTED	4	docs/validation/AUTHOR_RUN_REDACTION_PRECHECK_V45.md;docs/validation/AUTHOR_RUN_RETURN_GATE_RUNNER_V45.md;docs/validation/AUTHOR_RUN_RETURN_OPERATOR_CHECKLIST_V45.md;meta/V45_QUEUE.md	1	analysis/v45_author_run_return_gate_runner	10	analysis/v45_author_run_return_gate_runner/complete_pass/author_run_return_gate_summary.json;analysis/v45_author_run_return_gate_runner/complete_pass/output_completeness/author_run_output_check_summary.json;analysis/v45_author_run_return_gate_runner/complete_pass/redaction_precheck/author_run_redaction_precheck_summary.json;analysis/v45_author_run_return_gate_runner/incomplete_completeness_fail/author_run_return_gate_summary.json;analysis/v45_author_run_return_gate_runner/incomplete_completeness_fail/output_completeness/author_run_output_check_summary.json;analysis/v45_author_run_return_gate_runner/incomplete_completeness_fail/redaction_precheck/author_run_redaction_precheck_summary.json;analysis/v45_author_run_return_gate_runner/risky_redaction_fail/author_run_return_gate_summary.json;analysis/v45_author_run_return_gate_runner/risky_redaction_fail/redaction_precheck/author_run_redaction_precheck_summary.json;analysis/v45_author_run_return_gate_runner/synthetic_check_summary.json;analysis/v45_author_run_return_gate_runner/synthetic_clean_incomplete_package/validation_summary.json	FAIL;PASS
scripts/v45_author_run_schema_validator.py	DOCUMENTED	3	docs/validation/AUTHOR_RUN_RETURN_OPERATOR_CHECKLIST_V45.md;docs/validation/AUTHOR_RUN_SCHEMA_VALIDATOR_V45.md;meta/V45_QUEUE.md	1	analysis/v45_author_run_schema_validator	7	analysis/v45_author_run_schema_validator/bad_metrics/author_run_schema_validation_summary.json;analysis/v45_author_run_schema_validator/good/author_run_schema_validation_summary.json;analysis/v45_author_run_schema_validator/synthetic_author_run_schema_summary.json;analysis/v45_author_run_schema_validator/synthetic_bad_metrics_package/validation_summary.json;analysis/v45_author_run_schema_validator/synthetic_good_package/validation_summary.json;analysis/v45_author_run_schema_validator/synthetic_unscoreable_missing_code_package/validation_summary.json;analysis/v45_author_run_schema_validator/unscoreable_missing_code/author_run_schema_validation_summary.json	FAIL;PASS
scripts/v45_batch_guard_calibration.py	DOCUMENTED	2	docs/validation/BATCH_GUARD_CALIBRATION_FULL_V45.md;docs/validation/BATCH_GUARD_CALIBRATION_V45.md	2	analysis/v45_batch_guard_calibration;analysis/v45_batch_guard_calibration_full	2	analysis/v45_batch_guard_calibration/summary.json;analysis/v45_batch_guard_calibration_full/summary.json	none
scripts/v45_checksum_manifest_validator.py	DOCUMENTED	6	docs/validation/CHECKSUM_MANIFEST_VALIDATOR_V45.md;docs/validation/COLLABORATOR_VALIDATION_PACKAGE_README_V45.md;docs/validation/FIRST_24H_RECEIVED_DATA_OPERATOR_CHECKLIST_V45.md;docs/validation/GAFSON_ARRIVAL_RUNBOOK_V45.md;docs/validation/V45_READINESS_CHANGELOG.md;meta/V45_QUEUE.md	1	analysis/v45_checksum_manifest_validator	3	analysis/v45_checksum_manifest_validator/outbound_requests_verify/manifest_audit_summary.json;analysis/v45_checksum_manifest_validator/synthetic_check/fail_verify/manifest_audit_summary.json;analysis/v45_checksum_manifest_validator/synthetic_check/pass_verify/manifest_audit_summary.json	FAIL;PASS
scripts/v45_cold_start_operator_sequence.py	DOCUMENTED	3	docs/validation/COLD_START_OPERATOR_SEQUENCE_V45.md;meta/V45_QUEUE.md;meta/V46_QUEUE.md	1	analysis/v45_cold_start_operator_sequence	1	analysis/v45_cold_start_operator_sequence/cold_start_operator_sequence_summary.json	PASS
scripts/v45_collaborator_package_path_resolver.py	DOCUMENTED	3	docs/validation/COLLABORATOR_PACKAGE_PATH_RESOLVER_V45.md;docs/validation/COLLABORATOR_VALIDATION_PACKAGE_README_V45.md;meta/V45_QUEUE.md	2	analysis/v45_collaborator_package;analysis/v45_collaborator_path_resolver	3	analysis/v45_collaborator_path_resolver/live_sources/collaborator_package_path_resolution_summary.json;analysis/v45_collaborator_path_resolver/synthetic_broken_source/collaborator_package_path_resolution_summary.json;analysis/v45_collaborator_path_resolver/synthetic_check_summary.json	FAIL;PASS
scripts/v45_command_plan_consistency_check.py	DOCUMENTED	2	docs/validation/COMMAND_PLAN_CONSISTENCY_CHECK_V45.md;meta/V45_QUEUE.md	1	analysis/v45_command_plan_consistency	1	analysis/v45_command_plan_consistency/command_plan_consistency_summary.json	PASS
scripts/v45_compute_storage_summary.py	DOCUMENTED	2	docs/validation/V45_COMPUTE_STORAGE_SUMMARY.md;meta/V45_QUEUE.md	1	analysis/v45_compute_storage_summary	1	analysis/v45_compute_storage_summary/summary.json	none
scripts/v45_convergence_no_readiness.py	DOCUMENTED	1	docs/validation/APC_HLA_NO_READINESS_CONVERGENCE_V45.md	1	analysis/v45_convergence_no_readiness	1	analysis/v45_convergence_no_readiness/summary.json	none
scripts/v45_convergence_no_reports.py	DOCUMENTED	1	docs/validation/APC_HLA_NO_REPORTS_CONVERGENCE_V45.md	1	analysis/v45_convergence_no_reports	1	analysis/v45_convergence_no_reports/summary.json	none
scripts/v45_convergence_sensitivity.py	DOCUMENTED	1	docs/validation/APC_HLA_CONVERGENCE_SENSITIVITY_V45.md	1	analysis/v45_convergence_sensitivity	1	analysis/v45_convergence_sensitivity/summary.json	none
scripts/v45_cross_route_readiness_linter.py	DOCUMENTED	2	docs/validation/CROSS_ROUTE_READINESS_LINTER_V45.md;meta/V45_QUEUE.md	1	analysis/v45_cross_route_readiness_linter	2	analysis/v45_cross_route_readiness_linter/live/cross_route_readiness_lint_summary.json;analysis/v45_cross_route_readiness_linter/synthetic_missing_request/cross_route_readiness_lint_summary.json	none
scripts/v45_current_action_card.py	DOCUMENTED	3	docs/validation/CURRENT_ACTION_CARD_V45.md;meta/V45_QUEUE.md;meta/V46_QUEUE.md	1	analysis/v45_current_action_card	1	analysis/v45_current_action_card/current_action_card_summary.json	READY_AWAITING_EXTERNAL_DATA
scripts/v45_dropout_sensitivity_table.py	DOCUMENTED	2	docs/validation/DROPOUT_MISSING_TIMEPOINT_SENSITIVITY_V45.md;meta/V45_QUEUE.md	1	analysis/v45_dropout_sensitivity_table	1	analysis/v45_dropout_sensitivity_table/summary.json	synthetic_method_planning_only
scripts/v45_external_blocker_board.py	DOCUMENTED	2	docs/validation/EXTERNAL_BLOCKER_BOARD_V45.md;meta/V45_QUEUE.md	1	analysis/v45_external_blocker_board	1	analysis/v45_external_blocker_board/external_blocker_board_summary.json	none
scripts/v45_external_blocker_escalation_matrix.py	DOCUMENTED	2	docs/validation/EXTERNAL_BLOCKER_ESCALATION_MATRIX_V45.md;meta/V45_QUEUE.md	1	analysis/v45_external_blocker_escalation_matrix	1	analysis/v45_external_blocker_escalation_matrix/external_blocker_escalation_summary.json	none
scripts/v45_external_report_evidence_manifest.py	DOCUMENTED	2	docs/reports/EXTERNAL_REPORT_EVIDENCE_MANIFEST_V45.md;meta/V45_QUEUE.md	1	analysis/v45_external_report_evidence_manifest	1	analysis/v45_external_report_evidence_manifest/external_report_evidence_manifest_summary.json	PASS
scripts/v45_followup_due_board.py	DOCUMENTED	2	docs/validation/FOLLOWUP_DUE_BOARD_V45.md;meta/V45_QUEUE.md	1	analysis/v45_followup_due_board	2	analysis/v45_followup_due_board/live_template/followup_due_board_summary.json;analysis/v45_followup_due_board/synthetic_overdue/followup_due_board_summary.json	none
scripts/v45_followup_escalation_packet_generator.py	DOCUMENTED	2	docs/validation/FOLLOWUP_ESCALATION_PACKETS_V45.md;meta/V45_QUEUE.md	1	analysis/v45_followup_escalation_packets	1	analysis/v45_followup_escalation_packets/live/followup_escalation_packet_summary.json	PASS
scripts/v45_followup_message_template_generator.py	DOCUMENTED	2	docs/validation/FOLLOWUP_MESSAGE_TEMPLATES_V45.md;meta/V45_QUEUE.md	1	analysis/v45_followup_message_templates	2	analysis/v45_followup_message_templates/live_template/followup_message_template_summary.json;analysis/v45_followup_message_templates/synthetic_overdue/followup_message_template_summary.json	none
scripts/v45_gate_output_bundle_manifest.py	DOCUMENTED	2	docs/validation/GATE_OUTPUT_BUNDLE_MANIFEST_V45.md;meta/V45_QUEUE.md	1	analysis/v45_gate_output_bundle_manifest	2	analysis/v45_gate_output_bundle_manifest/gafson_primary/gate_output_bundle_manifest_summary.json;analysis/v45_gate_output_bundle_manifest/gse228330_pharmacodynamic/gate_output_bundle_manifest_summary.json	MANIFEST_ONLY
scripts/v45_generated_checker_registry.py	DOCUMENTED	2	docs/validation/GENERATED_CHECKER_REGISTRY_V45.md;meta/V45_QUEUE.md	1	analysis/v45_generated_checker_registry	1	analysis/v45_generated_checker_registry/generated_checker_registry_summary.json	PASS
scripts/v45_generated_doc_freshness_linter.py	DOCUMENTED	2	docs/validation/GENERATED_DOC_FRESHNESS_LINTER_V45.md;meta/V45_QUEUE.md	1	analysis/v45_generated_doc_freshness_linter	1	analysis/v45_generated_doc_freshness_linter/generated_doc_freshness_summary.json	PASS
scripts/v45_gse228330_outcome_scout.py	DOCUMENTED	1	docs/validation/GSE228330_OUTCOME_SCOUT_V45.md	1	analysis/v45_gse228330_outcome_scout	1	analysis/v45_gse228330_outcome_scout/summary.json	complete
scripts/v45_handoff_completeness_check.py	DOCUMENTED	4	docs/validation/AUTHOR_RUN_PACKET_BUNDLE_INDEX_V45.md;docs/validation/HANDOFF_COMPLETENESS_CHECK_V45.md;docs/validation/VALIDATION_HANDOFF_BUNDLE_TEMPLATE_V45.md;meta/V45_QUEUE.md	1	analysis/v45_handoff_completeness	1	analysis/v45_handoff_completeness/handoff_completeness_summary.json	PASS
scripts/v45_harness_regression_tests.py	DOCUMENTED	3	docs/validation/HARNESS_REGRESSION_TESTS_V45.md;docs/validation/V45_READINESS_CHANGELOG.md;meta/V45_QUEUE.md	2	analysis/v45_harness_regression_tests;analysis/v45_primary_harness_regression_tests	11	analysis/v45_harness_regression_tests/pharmacodynamic_only/synthetic_check/validation_summary.json;analysis/v45_harness_regression_tests/regression_summary.json;analysis/v45_harness_regression_tests/secondary_real_ingest/postpartum_null/validation_summary.json;analysis/v45_harness_regression_tests/secondary_real_ingest/postpartum_planted/validation_summary.json;analysis/v45_harness_regression_tests/secondary_real_ingest/synthetic_check_summary.json;analysis/v45_harness_regression_tests/secondary_real_ingest/tb_null/validation_summary.json;analysis/v45_harness_regression_tests/secondary_real_ingest/tb_planted/validation_summary.json;analysis/v45_primary_harness_regression_tests/regression_summary.json;analysis/v45_primary_harness_regression_tests/v42_primary_synthetic/null_result/validation_summary.json;analysis/v45_primary_harness_regression_tests/v42_primary_synthetic/planted_result/validation_summary.json;analysis/v45_primary_harness_regression_tests/v42_primary_synthetic/synthetic_check_summary.json	PASS
scripts/v45_intake_template_dryrun.py	DOCUMENTED	2	docs/validation/INTAKE_TEMPLATE_DRYRUN_V45.md;meta/V45_QUEUE.md	1	analysis/v45_intake_template_dryrun	3	analysis/v45_intake_template_dryrun/pharmacodynamic_preflight/preflight_summary.json;analysis/v45_intake_template_dryrun/primary_preflight/preflight_summary.json;analysis/v45_intake_template_dryrun/template_dryrun_summary.json	PASS
scripts/v45_karolinska_access_package.py	DOCUMENTED	1	docs/validation/KAROLINSKA_DMF_LABEL_REQUEST_V45.md	1	analysis/v45_karolinska_access	2	analysis/v45_karolinska_access/karolinska_pubmed_summary.json;analysis/v45_karolinska_access/summary.json	complete
scripts/v45_leave_one_family_convergence.py	DOCUMENTED	1	docs/validation/APC_HLA_FAMILY_JACKKNIFE_V45.md	1	analysis/v45_convergence_family_jackknife	1	analysis/v45_convergence_family_jackknife/summary.json	none
scripts/v45_locked_artifact_hash_audit.py	DOCUMENTED	5	docs/validation/AUTHOR_RUN_PACKET_BUNDLE_INDEX_V45.md;docs/validation/COLLABORATOR_VALIDATION_PACKAGE_README_V45.md;docs/validation/FIRST_24H_RECEIVED_DATA_OPERATOR_CHECKLIST_V45.md;docs/validation/LOCKED_ARTIFACT_HASH_AUDIT_V45.md;meta/V45_QUEUE.md	1	analysis/v45_locked_artifact_hash_audit	4	analysis/v45_locked_artifact_hash_audit/live/locked_artifact_hash_audit_summary.json;analysis/v45_locked_artifact_hash_audit/locked_artifact_hash_audit_summary.json;analysis/v45_locked_artifact_hash_audit/synthetic_fail/locked_artifact_hash_audit_summary.json;analysis/v45_locked_artifact_hash_audit/synthetic_pass/locked_artifact_hash_audit_summary.json	FAIL;PASS
scripts/v45_metadata_contradiction_stress.py	DOCUMENTED	4	docs/validation/FIRST_24H_RECEIVED_DATA_OPERATOR_CHECKLIST_V45.md;docs/validation/METADATA_CONTRADICTION_STRESS_V45.md;docs/validation/VALIDATION_INTAKE_PREFLIGHT_V45.md;meta/V45_QUEUE.md	1	analysis/v45_metadata_contradiction_stress	5	analysis/v45_metadata_contradiction_stress/batch_conflict_fail/metadata_contradiction_summary.json;analysis/v45_metadata_contradiction_stress/clean_pass/metadata_contradiction_summary.json;analysis/v45_metadata_contradiction_stress/metadata_contradiction_stress_summary.json;analysis/v45_metadata_contradiction_stress/response_conflict_fail/metadata_contradiction_summary.json;analysis/v45_metadata_contradiction_stress/timepoint_conflict_fail/metadata_contradiction_summary.json	none
scripts/v45_metadata_missingness_scorer.py	DOCUMENTED	3	docs/validation/METADATA_MISSINGNESS_SCORER_V45.md;docs/validation/VALIDATION_RESULT_REPORT_TEMPLATE_V45.md;meta/V45_QUEUE.md	1	analysis/v45_metadata_missingness_scorer	3	analysis/v45_metadata_missingness_scorer/complete_fixture/metadata_missingness_summary.json;analysis/v45_metadata_missingness_scorer/synthetic_check_summary.json;analysis/v45_metadata_missingness_scorer/weak_fixture/metadata_missingness_summary.json	PASS;PASS_WITH_LIMITATIONS
scripts/v45_module_coverage_precheck.py	DOCUMENTED	8	docs/validation/AUTHOR_RUN_FROZEN_HARNESS_PACKET_V45.md;docs/validation/AUTHOR_RUN_PACKET_BUNDLE_INDEX_V45.md;docs/validation/COLLABORATOR_VALIDATION_PACKAGE_README_V45.md;docs/validation/FIRST_24H_RECEIVED_DATA_OPERATOR_CHECKLIST_V45.md;docs/validation/GAFSON_ARRIVAL_RUNBOOK_V45.md;docs/validation/MODULE_COVERAGE_PRECHECK_V45.md;docs/validation/V45_READINESS_CHANGELOG.md;meta/V45_QUEUE.md	1	analysis/v45_module_coverage_precheck	2	analysis/v45_module_coverage_precheck/full_module_expression/module_coverage_precheck_summary.json;analysis/v45_module_coverage_precheck/missing_hlaii_expression/module_coverage_precheck_summary.json	FAIL_PRIMARY_MODULE_COVERAGE;PASS
scripts/v45_multiconfounder_batch_guard_simulation.py	DOCUMENTED	1	docs/validation/MULTICONFOUNDER_BATCH_GUARD_V45.md	1	analysis/v45_multiconfounder_batch_guard	1	analysis/v45_multiconfounder_batch_guard/summary.json	none
scripts/v45_no_raw_git_scanner.py	DOCUMENTED	4	docs/validation/FIRST_24H_RECEIVED_DATA_OPERATOR_CHECKLIST_V45.md;docs/validation/NO_RAW_DATA_GIT_SCANNER_V45.md;docs/validation/SENSITIVE_DATA_REDACTION_CHECKLIST_V45.md;meta/V45_QUEUE.md	1	analysis/v45_no_raw_git_scanner	1	analysis/v45_no_raw_git_scanner/summary.json	PASS
scripts/v45_no_score_before_gates_linter.py	DOCUMENTED	2	docs/validation/NO_SCORE_BEFORE_GATES_LINTER_V45.md;meta/V45_QUEUE.md	1	analysis/v45_no_score_before_gates_linter	2	analysis/v45_no_score_before_gates_linter/live/no_score_before_gates_summary.json;analysis/v45_no_score_before_gates_linter/synthetic_bad/no_score_before_gates_summary.json	none
scripts/v45_opengwas_token_expiry_sentinel.py	DOCUMENTED	2	docs/validation/OPENGWAS_TOKEN_EXPIRY_SENTINEL_V45.md;meta/V45_QUEUE.md	1	analysis/v45_opengwas_token_expiry_sentinel	1	analysis/v45_opengwas_token_expiry_sentinel/opengwas_token_expiry_sentinel_summary.json	none
scripts/v45_outbound_request_packet_integrity.py	DOCUMENTED	2	docs/validation/OUTBOUND_REQUEST_PACKET_INTEGRITY_V45.md;meta/V45_QUEUE.md	1	analysis/v45_outbound_request_packet_integrity	2	analysis/v45_outbound_request_packet_integrity/live/outbound_request_packet_integrity_summary.json;analysis/v45_outbound_request_packet_integrity/synthetic_missing_packet/outbound_request_packet_integrity_summary.json	none
scripts/v45_outcome_label_dictionary_validator.py	DOCUMENTED	3	docs/validation/GAFSON_ARRIVAL_RUNBOOK_V45.md;docs/validation/OUTCOME_LABEL_DICTIONARY_VALIDATOR_V45.md;meta/V45_QUEUE.md	1	analysis/v45_outcome_label_dictionary_validator	3	analysis/v45_outcome_label_dictionary_validator/invalid_fixture/outcome_label_dictionary_validation_summary.json;analysis/v45_outcome_label_dictionary_validator/synthetic_check_summary.json;analysis/v45_outcome_label_dictionary_validator/valid_fixture/outcome_label_dictionary_validation_summary.json	FAIL;PASS
scripts/v45_pharmacodynamic_only_harness.py	DOCUMENTED	7	docs/validation/GSE228330_PHARMACODYNAMIC_RUNBOOK_V45.md;docs/validation/HARNESS_REGRESSION_TESTS_V45.md;docs/validation/KAROLINSKA_PREREGISTRATION_TEMPLATE_V45.md;docs/validation/OUTBOUND_DATA_REQUEST_TRACKER_V45.md;docs/validation/PHARMACODYNAMIC_ONLY_HARNESS_V45.md;docs/validation/VALIDATION_HARNESS_README_V45.md;meta/V45_QUEUE.md	1	analysis/v45_pharmacodynamic_only_harness	1	analysis/v45_pharmacodynamic_only_harness/synthetic_check/validation_summary.json	none
scripts/v45_postpartum_harness_pathology_simulation.py	DOCUMENTED	1	docs/validation/POSTPARTUM_PATHOLOGY_STRESS_V45.md	1	analysis/v45_postpartum_pathology	1	analysis/v45_postpartum_pathology/summary.json	none
scripts/v45_power_decision_table.py	DOCUMENTED	2	docs/validation/VALIDATION_POWER_DECISION_TABLE_V45.md;meta/V45_QUEUE.md	1	analysis/v45_power_decision_table	1	analysis/v45_power_decision_table/summary.json	none
scripts/v45_precommit_readiness_check.py	DOCUMENTED	7	docs/validation/AUTHOR_RUN_RETURN_OPERATOR_CHECKLIST_V45.md;docs/validation/COLLABORATOR_VALIDATION_PACKAGE_README_V45.md;docs/validation/GENERATED_DOC_FRESHNESS_LINTER_V45.md;docs/validation/PRECOMMIT_READINESS_CHECKLIST_V45.md;docs/validation/SENSITIVE_DATA_REDACTION_CHECKLIST_V45.md;docs/validation/V45_READINESS_CHANGELOG.md;meta/V45_QUEUE.md	1	analysis/v45_precommit_readiness	1	analysis/v45_precommit_readiness/precommit_readiness_summary.json	PASS
scripts/v45_preflight_regression_tests.py	DOCUMENTED	2	docs/validation/PREFLIGHT_REGRESSION_TESTS_V45.md;meta/V45_QUEUE.md	1	analysis/v45_preflight_regression_tests	4	analysis/v45_preflight_regression_tests/regression_summary.json;analysis/v45_preflight_regression_tests/synthetic_check/pharmacodynamic_preflight/preflight_summary.json;analysis/v45_preflight_regression_tests/synthetic_check/pharmacodynamic_response_guard_preflight/preflight_summary.json;analysis/v45_preflight_regression_tests/synthetic_check/primary_preflight/preflight_summary.json	FAIL;PASS
scripts/v45_prepare_gse228330_pharmacodynamic_runbook.py	DOCUMENTED	2	docs/validation/GSE228330_PHARMACODYNAMIC_RUNBOOK_V45.md;meta/V45_QUEUE.md	1	analysis/v45_gse228330_pharmacodynamic_runbook	1	analysis/v45_gse228330_pharmacodynamic_runbook/summary.json	none
scripts/v45_primary_harness_regression_tests.py	DOCUMENTED	3	docs/validation/PRIMARY_HARNESS_REGRESSION_TESTS_V45.md;docs/validation/V45_READINESS_CHANGELOG.md;meta/V45_QUEUE.md	2	analysis/v45_harness_regression_tests;analysis/v45_primary_harness_regression_tests	11	analysis/v45_harness_regression_tests/pharmacodynamic_only/synthetic_check/validation_summary.json;analysis/v45_harness_regression_tests/regression_summary.json;analysis/v45_harness_regression_tests/secondary_real_ingest/postpartum_null/validation_summary.json;analysis/v45_harness_regression_tests/secondary_real_ingest/postpartum_planted/validation_summary.json;analysis/v45_harness_regression_tests/secondary_real_ingest/synthetic_check_summary.json;analysis/v45_harness_regression_tests/secondary_real_ingest/tb_null/validation_summary.json;analysis/v45_harness_regression_tests/secondary_real_ingest/tb_planted/validation_summary.json;analysis/v45_primary_harness_regression_tests/regression_summary.json;analysis/v45_primary_harness_regression_tests/v42_primary_synthetic/null_result/validation_summary.json;analysis/v45_primary_harness_regression_tests/v42_primary_synthetic/planted_result/validation_summary.json;analysis/v45_primary_harness_regression_tests/v42_primary_synthetic/synthetic_check_summary.json	PASS
scripts/v45_readiness_stale_output_detector.py	DOCUMENTED	3	docs/validation/GENERATED_DOC_FRESHNESS_LINTER_V45.md;docs/validation/READINESS_STALE_OUTPUT_DETECTOR_V45.md;meta/V45_QUEUE.md	1	analysis/v45_readiness_stale_output_detector	1	analysis/v45_readiness_stale_output_detector/readiness_stale_output_detector_summary.json	PASS
scripts/v45_readiness_status_dashboard.py	DOCUMENTED	3	docs/validation/AUTHOR_RUN_RETURN_OPERATOR_CHECKLIST_V45.md;docs/validation/READINESS_STATUS_DASHBOARD_V45.md;meta/V45_QUEUE.md	1	analysis/v45_readiness_status_dashboard	1	analysis/v45_readiness_status_dashboard/readiness_status_dashboard_summary.json	READY_AWAITING_EXTERNAL_DATA
scripts/v45_received_package_decision_tree.py	DOCUMENTED	2	docs/validation/RECEIVED_PACKAGE_DECISION_TREE_V45.md;meta/V45_QUEUE.md	1	analysis/v45_received_package_decision_tree	2	analysis/v45_received_package_decision_tree/live/received_package_decision_tree_summary.json;analysis/v45_received_package_decision_tree/synthetic_premature_harness_ready/received_package_decision_tree_summary.json	none
scripts/v45_received_status_updater.py	DOCUMENTED	3	docs/validation/RECEIVED_DATA_TRIAGE_STATUS_BOARD_V45.md;docs/validation/RECEIVED_STATUS_UPDATER_V45.md;meta/V45_QUEUE.md	1	analysis/v45_received_status_updater	1	analysis/v45_received_status_updater/received_status_update_summary.json	none
scripts/v45_refresh_governance_summaries.py	DOCUMENTED	3	docs/validation/GENERATED_DOC_FRESHNESS_LINTER_V45.md;docs/validation/V45_GOVERNANCE_REFRESH.md;meta/V45_QUEUE.md	1	analysis/v45_governance_refresh	1	analysis/v45_governance_refresh/governance_refresh_summary.json	PASS
scripts/v45_regression_aggregator.py	DOCUMENTED	5	docs/validation/FIRST_24H_RECEIVED_DATA_OPERATOR_CHECKLIST_V45.md;docs/validation/SYNTHETIC_OUTPUT_RETENTION_POLICY_V45.md;docs/validation/V45_READINESS_CHANGELOG.md;docs/validation/V45_REGRESSION_AGGREGATOR.md;meta/V45_QUEUE.md	1	analysis/v45_regression_aggregator	10	analysis/v45_regression_aggregator/checksum_manifest/fail_verify/manifest_audit_summary.json;analysis/v45_regression_aggregator/checksum_manifest/pass_verify/manifest_audit_summary.json;analysis/v45_regression_aggregator/regression_aggregator_summary.json;analysis/v45_regression_aggregator/response_column/gse228330_public_draft/response_column_audit_summary.json;analysis/v45_regression_aggregator/response_column/safe_pharmacodynamic_metadata/response_column_audit_summary.json;analysis/v45_regression_aggregator/response_column/unsafe_response_metadata/response_column_audit_summary.json;analysis/v45_regression_aggregator/subject_map/missing_baseline_subject_map/subject_map_summary.json;analysis/v45_regression_aggregator/subject_map/missing_followup_subject_map/subject_map_summary.json;analysis/v45_regression_aggregator/subject_map/negative_unverified_subject_map/subject_map_summary.json;analysis/v45_regression_aggregator/subject_map/valid_verified_subject_map/subject_map_summary.json	FAIL;FAIL_RESPONSE_LIKE_COLUMNS_PRESENT;PASS
scripts/v45_request_sent_updater.py	DOCUMENTED	3	docs/validation/REQUEST_SENT_UPDATER_V45.md;docs/validation/SEND_LOG_INTAKE_TEMPLATE_V45.md;meta/V45_QUEUE.md	1	analysis/v45_request_sent_updater	2	analysis/v45_request_sent_updater/synthetic_sent_fixture/request_sent_update_summary.json;analysis/v45_request_sent_updater/template_no_sends/request_sent_update_summary.json	none
scripts/v45_response_column_audit.py	DOCUMENTED	4	docs/validation/COLLABORATOR_VALIDATION_PACKAGE_README_V45.md;docs/validation/RESPONSE_COLUMN_AUDIT_V45.md;docs/validation/V45_READINESS_CHANGELOG.md;meta/V45_QUEUE.md	1	analysis/v45_response_column_audit	3	analysis/v45_response_column_audit/gse228330_public_draft/response_column_audit_summary.json;analysis/v45_response_column_audit/safe_pharmacodynamic_metadata/response_column_audit_summary.json;analysis/v45_response_column_audit/unsafe_response_metadata/response_column_audit_summary.json	FAIL_RESPONSE_LIKE_COLUMNS_PRESENT;PASS
scripts/v45_route_analyzable_pair_calculator.py	DOCUMENTED	6	docs/validation/DROPOUT_MISSING_TIMEPOINT_SENSITIVITY_V45.md;docs/validation/FIRST_24H_RECEIVED_DATA_OPERATOR_CHECKLIST_V45.md;docs/validation/MEDICAL_TEAM_COHORT_SPEC_V45.md;docs/validation/PARTIAL_LABEL_RETURN_CLASSIFIER_V46.md;docs/validation/ROUTE_ANALYZABLE_PAIR_CALCULATOR_V45.md;meta/V45_QUEUE.md	1	analysis/v45_route_analyzable_pair_calculator	5	analysis/v45_route_analyzable_pair_calculator/gafson_partial_return/analyzable_pair_summary.json;analysis/v45_route_analyzable_pair_calculator/gafson_small_complete/analyzable_pair_summary.json;analysis/v45_route_analyzable_pair_calculator/gse228330_context_no_labels/analyzable_pair_summary.json;analysis/v45_route_analyzable_pair_calculator/karolinska_small_secondary/analyzable_pair_summary.json;analysis/v45_route_analyzable_pair_calculator/route_analyzable_pair_synthetic_summary.json	none
scripts/v45_route_arrival_packet_generator.py	DOCUMENTED	3	docs/validation/ROUTE_ARRIVAL_COMMAND_PACKETS_V45.md;docs/validation/ROUTE_PACKET_INTEGRITY_MANIFEST_V45.md;meta/V45_QUEUE.md	1	analysis/v45_route_arrival_packets	1	analysis/v45_route_arrival_packets/route_arrival_packet_summary.json	none
scripts/v45_route_packet_integrity_manifest.py	DOCUMENTED	2	docs/validation/ROUTE_PACKET_INTEGRITY_MANIFEST_V45.md;meta/V45_QUEUE.md	1	analysis/v45_route_packet_integrity_manifest	2	analysis/v45_route_packet_integrity_manifest/live/route_packet_integrity_summary.json;analysis/v45_route_packet_integrity_manifest/synthetic_missing_packet/route_packet_integrity_summary.json	none
scripts/v45_rpt_readiness_pass.py	DOCUMENTED	1	docs/validation/RPT_READINESS_PASS_V45.md	1	analysis/v45_rpt_readiness	1	analysis/v45_rpt_readiness/summary.json	none
scripts/v45_secondary_batch_calibration.py	DOCUMENTED	1	docs/validation/SECONDARY_BATCH_CALIBRATION_V45.md	1	analysis/v45_secondary_batch_calibration	1	analysis/v45_secondary_batch_calibration/summary.json	none
scripts/v45_secondary_missing_timepoint_stress.py	DOCUMENTED	2	docs/validation/SECONDARY_MISSING_TIMEPOINT_STRESS_V45.md;meta/V45_QUEUE.md	1	analysis/v45_secondary_missing_timepoint_stress	21	analysis/v45_secondary_missing_timepoint_stress/postpartum_null_dropout_0p0/validation_summary.json;analysis/v45_secondary_missing_timepoint_stress/postpartum_null_dropout_0p1/validation_summary.json;analysis/v45_secondary_missing_timepoint_stress/postpartum_null_dropout_0p25/validation_summary.json;analysis/v45_secondary_missing_timepoint_stress/postpartum_null_dropout_0p4/validation_summary.json;analysis/v45_secondary_missing_timepoint_stress/postpartum_null_dropout_0p6/validation_summary.json;analysis/v45_secondary_missing_timepoint_stress/postpartum_planted_dropout_0p0/validation_summary.json;analysis/v45_secondary_missing_timepoint_stress/postpartum_planted_dropout_0p1/validation_summary.json;analysis/v45_secondary_missing_timepoint_stress/postpartum_planted_dropout_0p25/validation_summary.json;analysis/v45_secondary_missing_timepoint_stress/postpartum_planted_dropout_0p4/validation_summary.json;analysis/v45_secondary_missing_timepoint_stress/postpartum_planted_dropout_0p6/validation_summary.json;analysis/v45_secondary_missing_timepoint_stress/summary.json;analysis/v45_secondary_missing_timepoint_stress/tb_null_dropout_0p0/validation_summary.json;analysis/v45_secondary_missing_timepoint_stress/tb_null_dropout_0p1/validation_summary.json;analysis/v45_secondary_missing_timepoint_stress/tb_null_dropout_0p25/validation_summary.json;analysis/v45_secondary_missing_timepoint_stress/tb_null_dropout_0p4/validation_summary.json;analysis/v45_secondary_missing_timepoint_stress/tb_null_dropout_0p6/validation_summary.json;analysis/v45_secondary_missing_timepoint_stress/tb_planted_dropout_0p0/validation_summary.json;analysis/v45_secondary_missing_timepoint_stress/tb_planted_dropout_0p1/validation_summary.json;analysis/v45_secondary_missing_timepoint_stress/tb_planted_dropout_0p25/validation_summary.json;analysis/v45_secondary_missing_timepoint_stress/tb_planted_dropout_0p4/validation_summary.json;analysis/v45_secondary_missing_timepoint_stress/tb_planted_dropout_0p6/validation_summary.json	none
scripts/v45_secondary_real_cohort_harness.py	DOCUMENTED	5	docs/reports/EXTERNAL_REBUTTAL_CHECKLIST_V45.md;docs/validation/HARNESS_REGRESSION_TESTS_V45.md;docs/validation/SECONDARY_REAL_INGEST_HARNESS_V45.md;docs/validation/VALIDATION_HARNESS_README_V45.md;meta/V45_QUEUE.md	1	analysis/v45_secondary_real_ingest	5	analysis/v45_secondary_real_ingest/postpartum_null/validation_summary.json;analysis/v45_secondary_real_ingest/postpartum_planted/validation_summary.json;analysis/v45_secondary_real_ingest/synthetic_check_summary.json;analysis/v45_secondary_real_ingest/tb_null/validation_summary.json;analysis/v45_secondary_real_ingest/tb_planted/validation_summary.json	none
scripts/v45_seed_variation_stability.py	DOCUMENTED	1	docs/validation/SEED_VARIATION_STABILITY_V45.md	1	analysis/v45_seed_variation_stability	1	analysis/v45_seed_variation_stability/summary.json	none
scripts/v45_send_log_intake_template.py	DOCUMENTED	2	docs/validation/SEND_LOG_INTAKE_TEMPLATE_V45.md;meta/V45_QUEUE.md	1	analysis/v45_send_log_intake_template	2	analysis/v45_send_log_intake_template/request_sent_updater_dryrun/request_sent_update_summary.json;analysis/v45_send_log_intake_template/send_log_intake_template_summary.json	none
scripts/v45_state_machine_validator.py	DOCUMENTED	2	docs/validation/STATE_MACHINE_TRANSITION_VALIDATOR_V45.md;meta/V45_QUEUE.md	1	analysis/v45_state_machine_validator	2	analysis/v45_state_machine_validator/live/state_machine_validator_summary.json;analysis/v45_state_machine_validator/synthetic_impossible/state_machine_validator_summary.json	none
scripts/v45_subject_map_sanity_check.py	DOCUMENTED	8	docs/validation/COLLABORATOR_VALIDATION_PACKAGE_README_V45.md;docs/validation/DATA_USE_TERMS_CAPTURE_V45.md;docs/validation/FIRST_24H_RECEIVED_DATA_OPERATOR_CHECKLIST_V45.md;docs/validation/GAFSON_ARRIVAL_RUNBOOK_V45.md;docs/validation/LIVE_COHORT_ACQUISITION_PACKET_INDEX_V45.md;docs/validation/SUBJECT_MAP_SANITY_CHECKER_V45.md;docs/validation/V45_READINESS_CHANGELOG.md;meta/V45_QUEUE.md	1	analysis/v45_subject_map_sanity_check	4	analysis/v45_subject_map_sanity_check/missing_baseline_subject_map/subject_map_summary.json;analysis/v45_subject_map_sanity_check/missing_followup_subject_map/subject_map_summary.json;analysis/v45_subject_map_sanity_check/negative_unverified_subject_map/subject_map_summary.json;analysis/v45_subject_map_sanity_check/valid_verified_subject_map/subject_map_summary.json	FAIL;PASS
scripts/v45_synthetic_artifact_index.py	DOCUMENTED	2	docs/validation/SYNTHETIC_ARTIFACT_RETENTION_INDEX_V45.md;meta/V45_QUEUE.md	2	analysis/v45_artifact_index;analysis/v45_synthetic_artifact_index	2	analysis/v45_artifact_index/summary.json;analysis/v45_synthetic_artifact_index/summary.json	none
scripts/v45_synthetic_received_package_dryrun.py	DOCUMENTED	3	docs/validation/RECEIVED_PACKAGE_DECISION_TREE_V45.md;docs/validation/SYNTHETIC_RECEIVED_PACKAGE_DRYRUN_V45.md;meta/V45_QUEUE.md	1	analysis/v45_synthetic_received_package_dryrun	4	analysis/v45_synthetic_received_package_dryrun/received_package_decision_tree/received_package_decision_tree_summary.json;analysis/v45_synthetic_received_package_dryrun/received_status_updater/received_status_update_summary.json;analysis/v45_synthetic_received_package_dryrun/state_machine_validator/state_machine_validator_summary.json;analysis/v45_synthetic_received_package_dryrun/synthetic_received_package_dryrun_summary.json	PASS
scripts/v45_tb_compartment_pathology_simulation.py	DOCUMENTED	1	docs/validation/TB_COMPARTMENT_PATHOLOGY_STRESS_V45.md	1	analysis/v45_tb_compartment_pathology	1	analysis/v45_tb_compartment_pathology/summary.json	none
scripts/v45_validation_command_runner.py	DOCUMENTED	4	docs/validation/GAFSON_ARRIVAL_RUNBOOK_V45.md;docs/validation/V45_READINESS_CHANGELOG.md;docs/validation/VALIDATION_COMMAND_RUNNER_V45.md;meta/V45_QUEUE.md	1	analysis/v45_validation_command_runner	3	analysis/v45_validation_command_runner/gafson_primary_plan/command_plan_summary.json;analysis/v45_validation_command_runner/gse228330_pharmacodynamic_plan/command_plan_summary.json;analysis/v45_validation_command_runner/karolinska_primary_plan/command_plan_summary.json	plan_only_not_executed
scripts/v45_validation_intake_preflight.py	DOCUMENTED	15	docs/reports/EXTERNAL_REBUTTAL_CHECKLIST_V45.md;docs/validation/COLLABORATOR_VALIDATION_PACKAGE_README_V45.md;docs/validation/DATA_USE_TERMS_CAPTURE_V45.md;docs/validation/FIRST_24H_RECEIVED_DATA_OPERATOR_CHECKLIST_V45.md;docs/validation/GAFSON_ARRIVAL_RUNBOOK_V45.md;docs/validation/GSE228330_PHARMACODYNAMIC_RUNBOOK_V45.md;docs/validation/INTAKE_TEMPLATE_DRYRUN_V45.md;docs/validation/LIVE_COHORT_ACQUISITION_PACKET_INDEX_V45.md;docs/validation/PREFLIGHT_REGRESSION_TESTS_V45.md;docs/validation/RESPONSE_COLUMN_AUDIT_V45.md;docs/validation/V45_READINESS_CHANGELOG.md;docs/validation/VALIDATION_HARNESS_README_V45.md;docs/validation/VALIDATION_INTAKE_PREFLIGHT_V45.md;docs/validation/outbound_requests/gafson_dmf_ready_to_send_V45.md;meta/V45_QUEUE.md	1	analysis/v45_validation_intake_preflight	3	analysis/v45_validation_intake_preflight/pharmacodynamic_preflight/preflight_summary.json;analysis/v45_validation_intake_preflight/pharmacodynamic_response_guard_preflight/preflight_summary.json;analysis/v45_validation_intake_preflight/primary_preflight/preflight_summary.json	FAIL;PASS
scripts/v46_aggregate_only_returned_package_composition_dryrun.py	DOCUMENTED	3	docs/validation/AGGREGATE_ONLY_RETURNED_PACKAGE_COMPOSITION_DRYRUN_V46.md;docs/validation/AUTHOR_RUN_RETURN_OPERATOR_CHECKLIST_V45.md;meta/V46_QUEUE.md	1	analysis/v46_aggregate_only_returned_package_composition_dryrun	20	analysis/v46_aggregate_only_returned_package_composition_dryrun/aggregate_only_composition_summary.json;analysis/v46_aggregate_only_returned_package_composition_dryrun/aggregate_schema_validator/author_run_schema_validation_summary.json;analysis/v46_aggregate_only_returned_package_composition_dryrun/author_run_return_gate/author_run_return_gate_summary.json;analysis/v46_aggregate_only_returned_package_composition_dryrun/author_run_return_gate/output_completeness/author_run_output_check_summary.json;analysis/v46_aggregate_only_returned_package_composition_dryrun/author_run_return_gate/redaction_precheck/author_run_redaction_precheck_summary.json;analysis/v46_aggregate_only_returned_package_composition_dryrun/command_order_plan/returned_package_command_plan_summary.json;analysis/v46_aggregate_only_returned_package_composition_dryrun/metric_adapter/metric_format_adapter_summary.json;analysis/v46_aggregate_only_returned_package_composition_dryrun/metric_adapter/normalized_package/validation_summary.json;analysis/v46_aggregate_only_returned_package_composition_dryrun/metric_adapter_seed/adapter/metric_format_adapter_summary.json;analysis/v46_aggregate_only_returned_package_composition_dryrun/metric_adapter_seed/adapter/normalized_package/validation_summary.json;analysis/v46_aggregate_only_returned_package_composition_dryrun/metric_adapter_seed/metric_format_adapter_synthetic_summary.json;analysis/v46_aggregate_only_returned_package_composition_dryrun/metric_adapter_seed/missing_required_adapter/metric_format_adapter_summary.json;analysis/v46_aggregate_only_returned_package_composition_dryrun/metric_adapter_seed/missing_required_adapter/normalized_package/validation_summary.json;analysis/v46_aggregate_only_returned_package_composition_dryrun/metric_adapter_seed/normalized_completeness/author_run_output_check_summary.json;analysis/v46_aggregate_only_returned_package_composition_dryrun/metric_adapter_seed/normalized_schema/author_run_schema_validation_summary.json;analysis/v46_aggregate_only_returned_package_composition_dryrun/metric_adapter_seed/synthetic_missing_required_package/result_summary.json;analysis/v46_aggregate_only_returned_package_composition_dryrun/metric_adapter_seed/synthetic_variant_package/result_summary.json;analysis/v46_aggregate_only_returned_package_composition_dryrun/partial_label_classifier/partial_label_classification_summary.json;analysis/v46_aggregate_only_returned_package_composition_dryrun/safe_interpretation_classifier/safe_interpretation_summary.json;analysis/v46_aggregate_only_returned_package_composition_dryrun/terms_governance/terms_governance_summary.json	FAIL;PASS
scripts/v46_analyzable_pair_confidence_envelope.py	DOCUMENTED	2	docs/validation/ANALYZABLE_PAIR_CONFIDENCE_ENVELOPE_V46.md;meta/V46_QUEUE.md	1	analysis/v46_analyzable_pair_confidence_envelope	1	analysis/v46_analyzable_pair_confidence_envelope/analyzable_pair_confidence_envelope_summary.json	PASS
scripts/v46_author_run_metric_format_adapter.py	DOCUMENTED	3	docs/validation/AUTHOR_RUN_METRIC_FORMAT_ADAPTER_V46.md;docs/validation/AUTHOR_RUN_RETURN_OPERATOR_CHECKLIST_V45.md;meta/V46_QUEUE.md	1	analysis/v46_author_run_metric_format_adapter	9	analysis/v46_author_run_metric_format_adapter/adapter/metric_format_adapter_summary.json;analysis/v46_author_run_metric_format_adapter/adapter/normalized_package/validation_summary.json;analysis/v46_author_run_metric_format_adapter/metric_format_adapter_synthetic_summary.json;analysis/v46_author_run_metric_format_adapter/missing_required_adapter/metric_format_adapter_summary.json;analysis/v46_author_run_metric_format_adapter/missing_required_adapter/normalized_package/validation_summary.json;analysis/v46_author_run_metric_format_adapter/normalized_completeness/author_run_output_check_summary.json;analysis/v46_author_run_metric_format_adapter/normalized_schema/author_run_schema_validation_summary.json;analysis/v46_author_run_metric_format_adapter/synthetic_missing_required_package/result_summary.json;analysis/v46_author_run_metric_format_adapter/synthetic_variant_package/result_summary.json	FAIL;PASS
scripts/v46_external_blocker_aging_audit.py	DOCUMENTED	2	docs/validation/EXTERNAL_BLOCKER_AGING_AUDIT_V46.md;meta/V46_QUEUE.md	1	analysis/v46_external_blocker_aging_audit	3	analysis/v46_external_blocker_aging_audit/external_blocker_aging_synthetic_summary.json;analysis/v46_external_blocker_aging_audit/live/external_blocker_aging_audit_summary.json;analysis/v46_external_blocker_aging_audit/synthetic_audit/external_blocker_aging_audit_summary.json	PASS
scripts/v46_first30_repair_template_coverage_linter.py	DOCUMENTED	2	docs/validation/FIRST30_REPAIR_TEMPLATE_COVERAGE_LINTER_V46.md;meta/V46_QUEUE.md	1	analysis/v46_first30_repair_template_coverage_linter	1	analysis/v46_first30_repair_template_coverage_linter/first30_repair_template_coverage_summary.json	PASS
scripts/v46_first30_returned_package_decision_table.py	DOCUMENTED	2	docs/validation/FIRST30_RETURNED_PACKAGE_DECISION_TABLE_V46.md;meta/V46_QUEUE.md	1	analysis/v46_first30_returned_package_decision_table	1	analysis/v46_first30_returned_package_decision_table/first30_returned_package_decision_summary.json	PASS
scripts/v46_first30_returned_package_status_board_dryrun.py	DOCUMENTED	2	docs/validation/FIRST30_RETURNED_PACKAGE_STATUS_BOARD_DRYRUN_V46.md;meta/V46_QUEUE.md	1	analysis/v46_first30_returned_package_status_board_dryrun	1	analysis/v46_first30_returned_package_status_board_dryrun/first30_status_board_dryrun_summary.json	PASS
scripts/v46_operator_smoke_test_bundle.py	DOCUMENTED	2	docs/validation/OPERATOR_SMOKE_TEST_BUNDLE_V46.md;meta/V46_QUEUE.md	1	analysis/v46_operator_smoke_test_bundle	198	analysis/v46_operator_smoke_test_bundle/aggregate_only_composition_dryrun/aggregate_only_composition_summary.json;analysis/v46_operator_smoke_test_bundle/aggregate_only_composition_dryrun/aggregate_schema_validator/author_run_schema_validation_summary.json;analysis/v46_operator_smoke_test_bundle/aggregate_only_composition_dryrun/author_run_return_gate/author_run_return_gate_summary.json;analysis/v46_operator_smoke_test_bundle/aggregate_only_composition_dryrun/author_run_return_gate/output_completeness/author_run_output_check_summary.json;analysis/v46_operator_smoke_test_bundle/aggregate_only_composition_dryrun/author_run_return_gate/redaction_precheck/author_run_redaction_precheck_summary.json;analysis/v46_operator_smoke_test_bundle/aggregate_only_composition_dryrun/command_order_plan/returned_package_command_plan_summary.json;analysis/v46_operator_smoke_test_bundle/aggregate_only_composition_dryrun/metric_adapter/metric_format_adapter_summary.json;analysis/v46_operator_smoke_test_bundle/aggregate_only_composition_dryrun/metric_adapter/normalized_package/validation_summary.json;analysis/v46_operator_smoke_test_bundle/aggregate_only_composition_dryrun/metric_adapter_seed/adapter/metric_format_adapter_summary.json;analysis/v46_operator_smoke_test_bundle/aggregate_only_composition_dryrun/metric_adapter_seed/adapter/normalized_package/validation_summary.json;analysis/v46_operator_smoke_test_bundle/aggregate_only_composition_dryrun/metric_adapter_seed/metric_format_adapter_synthetic_summary.json;analysis/v46_operator_smoke_test_bundle/aggregate_only_composition_dryrun/metric_adapter_seed/missing_required_adapter/metric_format_adapter_summary.json;analysis/v46_operator_smoke_test_bundle/aggregate_only_composition_dryrun/metric_adapter_seed/missing_required_adapter/normalized_package/validation_summary.json;analysis/v46_operator_smoke_test_bundle/aggregate_only_composition_dryrun/metric_adapter_seed/normalized_completeness/author_run_output_check_summary.json;analysis/v46_operator_smoke_test_bundle/aggregate_only_composition_dryrun/metric_adapter_seed/normalized_schema/author_run_schema_validation_summary.json;analysis/v46_operator_smoke_test_bundle/aggregate_only_composition_dryrun/metric_adapter_seed/synthetic_missing_required_package/result_summary.json;analysis/v46_operator_smoke_test_bundle/aggregate_only_composition_dryrun/metric_adapter_seed/synthetic_variant_package/result_summary.json;analysis/v46_operator_smoke_test_bundle/aggregate_only_composition_dryrun/partial_label_classifier/partial_label_classification_summary.json;analysis/v46_operator_smoke_test_bundle/aggregate_only_composition_dryrun/safe_interpretation_classifier/safe_interpretation_summary.json;analysis/v46_operator_smoke_test_bundle/aggregate_only_composition_dryrun/terms_governance/terms_governance_summary.json;analysis/v46_operator_smoke_test_bundle/analyzable_pair_confidence_envelope/analyzable_pair_confidence_envelope_summary.json;analysis/v46_operator_smoke_test_bundle/author_run_return_gate/complete_pass/author_run_return_gate_summary.json;analysis/v46_operator_smoke_test_bundle/author_run_return_gate/complete_pass/output_completeness/author_run_output_check_summary.json;analysis/v46_operator_smoke_test_bundle/author_run_return_gate/complete_pass/redaction_precheck/author_run_redaction_precheck_summary.json;analysis/v46_operator_smoke_test_bundle/author_run_return_gate/incomplete_completeness_fail/author_run_return_gate_summary.json;analysis/v46_operator_smoke_test_bundle/author_run_return_gate/incomplete_completeness_fail/output_completeness/author_run_output_check_summary.json;analysis/v46_operator_smoke_test_bundle/author_run_return_gate/incomplete_completeness_fail/redaction_precheck/author_run_redaction_precheck_summary.json;analysis/v46_operator_smoke_test_bundle/author_run_return_gate/risky_redaction_fail/author_run_return_gate_summary.json;analysis/v46_operator_smoke_test_bundle/author_run_return_gate/risky_redaction_fail/redaction_precheck/author_run_redaction_precheck_summary.json;analysis/v46_operator_smoke_test_bundle/author_run_return_gate/synthetic_check_summary.json;analysis/v46_operator_smoke_test_bundle/author_run_return_gate/synthetic_clean_incomplete_package/validation_summary.json;analysis/v46_operator_smoke_test_bundle/author_run_schema_validator/bad_metrics/author_run_schema_validation_summary.json;analysis/v46_operator_smoke_test_bundle/author_run_schema_validator/good/author_run_schema_validation_summary.json;analysis/v46_operator_smoke_test_bundle/author_run_schema_validator/synthetic_author_run_schema_summary.json;analysis/v46_operator_smoke_test_bundle/author_run_schema_validator/synthetic_bad_metrics_package/validation_summary.json;analysis/v46_operator_smoke_test_bundle/author_run_schema_validator/synthetic_good_package/validation_summary.json;analysis/v46_operator_smoke_test_bundle/author_run_schema_validator/synthetic_unscoreable_missing_code_package/validation_summary.json;analysis/v46_operator_smoke_test_bundle/author_run_schema_validator/unscoreable_missing_code/author_run_schema_validation_summary.json;analysis/v46_operator_smoke_test_bundle/dependency_graph/returned_package_dependency_summary.json;analysis/v46_operator_smoke_test_bundle/doc_crosslink_linter/returned_package_doc_crosslink_summary.json	FAIL;PASS
scripts/v46_operator_transcript_fixture.py	DOCUMENTED	3	docs/validation/OPERATOR_TRANSCRIPT_FIXTURE_V46.md;docs/validation/RETURNED_PACKAGE_HANDOFF_BUNDLE_MANIFEST_V46.md;meta/V46_QUEUE.md	1	analysis/v46_operator_transcript_fixture	1	analysis/v46_operator_transcript_fixture/operator_transcript_fixture_summary.json	PASS
scripts/v46_package_manifest_shape_classifier.py	DOCUMENTED	3	docs/validation/PACKAGE_MANIFEST_SHAPE_CLASSIFIER_V46.md;docs/validation/RECEIPT_MANIFEST_TO_COMMAND_PLAN_HANDOFF_V46.md;meta/V46_QUEUE.md	1	analysis/v46_package_manifest_shape_classifier	7	analysis/v46_package_manifest_shape_classifier/package_manifest_shape_synthetic_summary.json;analysis/v46_package_manifest_shape_classifier/partial_label_manifest/package_manifest_shape_classification_summary.json;analysis/v46_package_manifest_shape_classifier/scored_canonical_manifest/package_manifest_shape_classification_summary.json;analysis/v46_package_manifest_shape_classifier/scored_noncanonical_manifest/package_manifest_shape_classification_summary.json;analysis/v46_package_manifest_shape_classifier/scored_unknown_alias_manifest/package_manifest_shape_classification_summary.json;analysis/v46_package_manifest_shape_classifier/terms_blocked_manifest/package_manifest_shape_classification_summary.json;analysis/v46_package_manifest_shape_classifier/unscoreable_manifest/package_manifest_shape_classification_summary.json	PASS
scripts/v46_partial_label_repair_prioritization.py	DOCUMENTED	2	docs/validation/PARTIAL_LABEL_REPAIR_PRIORITIZATION_V46.md;meta/V46_QUEUE.md	1	analysis/v46_partial_label_repair_prioritization	1	analysis/v46_partial_label_repair_prioritization/partial_label_repair_prioritization_summary.json	PASS
scripts/v46_partial_label_return_classifier.py	DOCUMENTED	3	docs/validation/PARTIAL_LABEL_RETURN_CLASSIFIER_V46.md;docs/validation/ROUTE_ANALYZABLE_PAIR_CALCULATOR_V45.md;meta/V46_QUEUE.md	1	analysis/v46_partial_label_return_classifier	12	analysis/v46_partial_label_return_classifier/context_no_labels/partial_label_classification_summary.json;analysis/v46_partial_label_return_classifier/full_small/partial_label_classification_summary.json;analysis/v46_partial_label_return_classifier/partial_below_floor/partial_label_classification_summary.json;analysis/v46_partial_label_return_classifier/partial_effect_size_only/partial_label_classification_summary.json;analysis/v46_partial_label_return_classifier/partial_label_synthetic_summary.json;analysis/v46_partial_label_return_classifier/partial_limited_decision/partial_label_classification_summary.json;analysis/v46_partial_label_return_classifier/single_class_block/partial_label_classification_summary.json;analysis/v46_partial_label_return_classifier/synthetic/partial_effect_size_only_analyzable_pair_summary.json;analysis/v46_partial_label_return_classifier/synthetic/partial_limited_decision_analyzable_pair_summary.json;analysis/v46_partial_label_return_classifier/synthetic/single_class_block_analyzable_pair_summary.json;analysis/v46_partial_label_return_classifier/synthetic/too_few_one_arm_analyzable_pair_summary.json;analysis/v46_partial_label_return_classifier/too_few_one_arm/partial_label_classification_summary.json	PASS
scripts/v46_receipt_manifest_schema_linter.py	DOCUMENTED	4	docs/validation/PACKAGE_MANIFEST_SHAPE_CLASSIFIER_V46.md;docs/validation/RECEIPT_MANIFEST_SCHEMA_LINTER_V46.md;docs/validation/RECEIPT_MANIFEST_TO_COMMAND_PLAN_HANDOFF_V46.md;meta/V46_QUEUE.md	1	analysis/v46_receipt_manifest_schema_linter	10	analysis/v46_receipt_manifest_schema_linter/absolute_local_path/receipt_manifest_schema_lint_summary.json;analysis/v46_receipt_manifest_schema_linter/clean_aggregate_manifest/receipt_manifest_schema_lint_summary.json;analysis/v46_receipt_manifest_schema_linter/empty_manifest/receipt_manifest_schema_lint_summary.json;analysis/v46_receipt_manifest_schema_linter/missing_required_column/receipt_manifest_schema_lint_summary.json;analysis/v46_receipt_manifest_schema_linter/private_agreement_path/receipt_manifest_schema_lint_summary.json;analysis/v46_receipt_manifest_schema_linter/raw_expression_path/receipt_manifest_schema_lint_summary.json;analysis/v46_receipt_manifest_schema_linter/receipt_manifest_schema_synthetic_summary.json;analysis/v46_receipt_manifest_schema_linter/remote_private_url/receipt_manifest_schema_lint_summary.json;analysis/v46_receipt_manifest_schema_linter/restricted_sensitivity_class/receipt_manifest_schema_lint_summary.json;analysis/v46_receipt_manifest_schema_linter/unexpected_score_filename/receipt_manifest_schema_lint_summary.json	FAIL;PASS
scripts/v46_receipt_manifest_to_command_plan_handoff.py	DOCUMENTED	3	docs/validation/RECEIPT_MANIFEST_TO_COMMAND_PLAN_HANDOFF_V46.md;docs/validation/RETURNED_PACKAGE_HANDOFF_BUNDLE_MANIFEST_V46.md;meta/V46_QUEUE.md	1	analysis/v46_receipt_manifest_to_command_plan_handoff	19	analysis/v46_receipt_manifest_to_command_plan_handoff/partial_label_to_plan_with_label_classifier/command_order_plan/returned_package_command_plan_summary.json;analysis/v46_receipt_manifest_to_command_plan_handoff/partial_label_to_plan_with_label_classifier/package_manifest_shape/package_manifest_shape_classification_summary.json;analysis/v46_receipt_manifest_to_command_plan_handoff/partial_label_to_plan_with_label_classifier/receipt_manifest_schema/receipt_manifest_schema_lint_summary.json;analysis/v46_receipt_manifest_to_command_plan_handoff/receipt_manifest_to_command_plan_handoff_summary.json;analysis/v46_receipt_manifest_to_command_plan_handoff/schema_fail_missing_required_column/receipt_manifest_schema/receipt_manifest_schema_lint_summary.json;analysis/v46_receipt_manifest_to_command_plan_handoff/schema_fail_raw_path/receipt_manifest_schema/receipt_manifest_schema_lint_summary.json;analysis/v46_receipt_manifest_to_command_plan_handoff/scored_canonical_to_plan/command_order_plan/returned_package_command_plan_summary.json;analysis/v46_receipt_manifest_to_command_plan_handoff/scored_canonical_to_plan/package_manifest_shape/package_manifest_shape_classification_summary.json;analysis/v46_receipt_manifest_to_command_plan_handoff/scored_canonical_to_plan/receipt_manifest_schema/receipt_manifest_schema_lint_summary.json;analysis/v46_receipt_manifest_to_command_plan_handoff/scored_noncanonical_to_adapter_branch/command_order_plan/returned_package_command_plan_summary.json;analysis/v46_receipt_manifest_to_command_plan_handoff/scored_noncanonical_to_adapter_branch/package_manifest_shape/package_manifest_shape_classification_summary.json;analysis/v46_receipt_manifest_to_command_plan_handoff/scored_noncanonical_to_adapter_branch/receipt_manifest_schema/receipt_manifest_schema_lint_summary.json;analysis/v46_receipt_manifest_to_command_plan_handoff/terms_blocked_after_shape/command_order_plan/returned_package_command_plan_summary.json;analysis/v46_receipt_manifest_to_command_plan_handoff/terms_blocked_after_shape/package_manifest_shape/package_manifest_shape_classification_summary.json;analysis/v46_receipt_manifest_to_command_plan_handoff/terms_blocked_after_shape/receipt_manifest_schema/receipt_manifest_schema_lint_summary.json;analysis/v46_receipt_manifest_to_command_plan_handoff/unknown_score_like_filename_stops_at_schema/receipt_manifest_schema/receipt_manifest_schema_lint_summary.json;analysis/v46_receipt_manifest_to_command_plan_handoff/unscoreable_author_run_aggregate_to_preflight_only/command_order_plan/returned_package_command_plan_summary.json;analysis/v46_receipt_manifest_to_command_plan_handoff/unscoreable_author_run_aggregate_to_preflight_only/package_manifest_shape/package_manifest_shape_classification_summary.json;analysis/v46_receipt_manifest_to_command_plan_handoff/unscoreable_author_run_aggregate_to_preflight_only/receipt_manifest_schema/receipt_manifest_schema_lint_summary.json	FAIL;PASS
scripts/v46_report_header_metadata_linter.py	DOCUMENTED	4	docs/validation/REPORT_HEADER_METADATA_LINTER_V46.md;docs/validation/REPORT_HEADER_REPAIR_TEMPLATE_COVERAGE_V46.md;docs/validation/RETURNED_PACKAGE_HANDOFF_BUNDLE_MANIFEST_V46.md;meta/V46_QUEUE.md	1	analysis/v46_report_header_metadata_linter	7	analysis/v46_report_header_metadata_linter/blocked_good/report_header_metadata_lint_summary.json;analysis/v46_report_header_metadata_linter/eligible_good/report_header_metadata_lint_summary.json;analysis/v46_report_header_metadata_linter/metadata_after_result/report_header_metadata_lint_summary.json;analysis/v46_report_header_metadata_linter/missing_cohort_token/report_header_metadata_lint_summary.json;analysis/v46_report_header_metadata_linter/report_header_metadata_synthetic_summary.json;analysis/v46_report_header_metadata_linter/unknown_safe_class/report_header_metadata_lint_summary.json;analysis/v46_report_header_metadata_linter/wrong_locked_hash/report_header_metadata_lint_summary.json	PASS
scripts/v46_report_header_repair_template_coverage.py	DOCUMENTED	3	docs/validation/REPORT_HEADER_REPAIR_TEMPLATE_COVERAGE_V46.md;docs/validation/RETURNED_PACKAGE_HANDOFF_BUNDLE_MANIFEST_V46.md;meta/V46_QUEUE.md	1	analysis/v46_report_header_repair_template_coverage	1	analysis/v46_report_header_repair_template_coverage/report_header_repair_template_coverage_summary.json	PASS
scripts/v46_result_report_safe_class_linter.py	DOCUMENTED	4	docs/validation/AUTHOR_RUN_RETURN_OPERATOR_CHECKLIST_V45.md;docs/validation/RESULT_REPORT_SAFE_CLASS_LINTER_V46.md;docs/validation/SAFE_CLASS_REPORT_TEMPLATE_READINESS_V46.md;meta/V46_QUEUE.md	1	analysis/v46_result_report_safe_class_linter	6	analysis/v46_result_report_safe_class_linter/blocked_bad_metric_leak/result_report_safe_class_lint_summary.json;analysis/v46_result_report_safe_class_linter/blocked_good/result_report_safe_class_lint_summary.json;analysis/v46_result_report_safe_class_linter/caution_good/result_report_safe_class_lint_summary.json;analysis/v46_result_report_safe_class_linter/eligible_good/result_report_safe_class_lint_summary.json;analysis/v46_result_report_safe_class_linter/missing_safe_class/result_report_safe_class_lint_summary.json;analysis/v46_result_report_safe_class_linter/result_report_safe_class_synthetic_summary.json	PASS
scripts/v46_return_repair_request_templates.py	DOCUMENTED	2	docs/validation/RETURN_REPAIR_REQUEST_TEMPLATES_V46.md;meta/V46_QUEUE.md	1	analysis/v46_return_repair_request_templates	1	analysis/v46_return_repair_request_templates/return_repair_request_templates_summary.json	PASS
scripts/v46_returned_package_command_order_planner.py	DOCUMENTED	4	docs/validation/AUTHOR_RUN_RETURN_OPERATOR_CHECKLIST_V45.md;docs/validation/RECEIPT_MANIFEST_TO_COMMAND_PLAN_HANDOFF_V46.md;docs/validation/RETURNED_PACKAGE_COMMAND_ORDER_PLANNER_V46.md;meta/V46_QUEUE.md	1	analysis/v46_returned_package_command_order_planner	7	analysis/v46_returned_package_command_order_planner/ambiguous_terms_block/returned_package_command_plan_summary.json;analysis/v46_returned_package_command_order_planner/author_run_only_aggregate_return/returned_package_command_plan_summary.json;analysis/v46_returned_package_command_order_planner/canonical_aggregate/returned_package_command_plan_summary.json;analysis/v46_returned_package_command_order_planner/no_processing_block/returned_package_command_plan_summary.json;analysis/v46_returned_package_command_order_planner/noncanonical_declared/returned_package_command_plan_summary.json;analysis/v46_returned_package_command_order_planner/returned_package_command_order_synthetic_summary.json;analysis/v46_returned_package_command_order_planner/unknown_alias_branch/returned_package_command_plan_summary.json	PASS
scripts/v46_returned_package_dependency_graph.py	DOCUMENTED	2	docs/validation/RETURNED_PACKAGE_DEPENDENCY_GRAPH_V46.md;meta/V46_QUEUE.md	1	analysis/v46_returned_package_dependency_graph	1	analysis/v46_returned_package_dependency_graph/returned_package_dependency_summary.json	PASS
scripts/v46_returned_package_doc_crosslink_linter.py	DOCUMENTED	2	docs/validation/RETURNED_PACKAGE_DOC_CROSSLINK_LINTER_V46.md;meta/V46_QUEUE.md	1	analysis/v46_returned_package_doc_crosslink_linter	1	analysis/v46_returned_package_doc_crosslink_linter/returned_package_doc_crosslink_summary.json	PASS
scripts/v46_returned_package_handoff_bundle_manifest.py	DOCUMENTED	2	docs/validation/RETURNED_PACKAGE_HANDOFF_BUNDLE_MANIFEST_V46.md;meta/V46_QUEUE.md	1	analysis/v46_returned_package_handoff_bundle_manifest	1	analysis/v46_returned_package_handoff_bundle_manifest/returned_package_handoff_bundle_summary.json	PASS
scripts/v46_returned_package_preflight_dryrun.py	DOCUMENTED	2	docs/validation/RETURNED_PACKAGE_PREFLIGHT_DRYRUN_V46.md;meta/V46_QUEUE.md	1	analysis/v46_returned_package_preflight_dryrun	14	analysis/v46_returned_package_preflight_dryrun/canonical_scored_preflight/package_manifest_shape_classifier/package_manifest_shape_classification_summary.json;analysis/v46_returned_package_preflight_dryrun/canonical_scored_preflight/receipt_manifest_schema_lint/receipt_manifest_schema_lint_summary.json;analysis/v46_returned_package_preflight_dryrun/first30_decision_table/first30_returned_package_decision_summary.json;analysis/v46_returned_package_preflight_dryrun/noncanonical_scored_preflight/package_manifest_shape_classifier/package_manifest_shape_classification_summary.json;analysis/v46_returned_package_preflight_dryrun/noncanonical_scored_preflight/receipt_manifest_schema_lint/receipt_manifest_schema_lint_summary.json;analysis/v46_returned_package_preflight_dryrun/repair_template_coverage/first30_repair_template_coverage_summary.json;analysis/v46_returned_package_preflight_dryrun/returned_package_preflight_dryrun_summary.json;analysis/v46_returned_package_preflight_dryrun/state_transition_validator/returned_package_state_transition_summary.json;analysis/v46_returned_package_preflight_dryrun/terms_blocked_preflight/package_manifest_shape_classifier/package_manifest_shape_classification_summary.json;analysis/v46_returned_package_preflight_dryrun/terms_blocked_preflight/receipt_manifest_schema_lint/receipt_manifest_schema_lint_summary.json;analysis/v46_returned_package_preflight_dryrun/unknown_alias_preflight/receipt_manifest_schema_lint/receipt_manifest_schema_lint_summary.json;analysis/v46_returned_package_preflight_dryrun/unsafe_raw_manifest/receipt_manifest_schema_lint/receipt_manifest_schema_lint_summary.json;analysis/v46_returned_package_preflight_dryrun/unscoreable_preflight/package_manifest_shape_classifier/package_manifest_shape_classification_summary.json;analysis/v46_returned_package_preflight_dryrun/unscoreable_preflight/receipt_manifest_schema_lint/receipt_manifest_schema_lint_summary.json	FAIL;PASS
scripts/v46_returned_package_quickstart_readme.py	DOCUMENTED	3	docs/validation/RETURNED_PACKAGE_HANDOFF_BUNDLE_MANIFEST_V46.md;docs/validation/RETURNED_PACKAGE_QUICKSTART_V46.md;meta/V46_QUEUE.md	1	analysis/v46_returned_package_quickstart_readme	1	analysis/v46_returned_package_quickstart_readme/returned_package_quickstart_summary.json	PASS
scripts/v46_returned_package_regression_suite.py	DOCUMENTED	3	docs/validation/COLD_START_OPERATOR_SEQUENCE_V45.md;docs/validation/RETURNED_PACKAGE_REGRESSION_SUITE_V46.md;meta/V46_QUEUE.md	1	analysis/v46_returned_package_regression_suite	175	analysis/v46_returned_package_regression_suite/aggregate_only_composition/aggregate_only_composition_summary.json;analysis/v46_returned_package_regression_suite/aggregate_only_composition/aggregate_schema_validator/author_run_schema_validation_summary.json;analysis/v46_returned_package_regression_suite/aggregate_only_composition/author_run_return_gate/author_run_return_gate_summary.json;analysis/v46_returned_package_regression_suite/aggregate_only_composition/author_run_return_gate/output_completeness/author_run_output_check_summary.json;analysis/v46_returned_package_regression_suite/aggregate_only_composition/author_run_return_gate/redaction_precheck/author_run_redaction_precheck_summary.json;analysis/v46_returned_package_regression_suite/aggregate_only_composition/command_order_plan/returned_package_command_plan_summary.json;analysis/v46_returned_package_regression_suite/aggregate_only_composition/metric_adapter/metric_format_adapter_summary.json;analysis/v46_returned_package_regression_suite/aggregate_only_composition/metric_adapter/normalized_package/validation_summary.json;analysis/v46_returned_package_regression_suite/aggregate_only_composition/metric_adapter_seed/adapter/metric_format_adapter_summary.json;analysis/v46_returned_package_regression_suite/aggregate_only_composition/metric_adapter_seed/adapter/normalized_package/validation_summary.json;analysis/v46_returned_package_regression_suite/aggregate_only_composition/metric_adapter_seed/metric_format_adapter_synthetic_summary.json;analysis/v46_returned_package_regression_suite/aggregate_only_composition/metric_adapter_seed/missing_required_adapter/metric_format_adapter_summary.json;analysis/v46_returned_package_regression_suite/aggregate_only_composition/metric_adapter_seed/missing_required_adapter/normalized_package/validation_summary.json;analysis/v46_returned_package_regression_suite/aggregate_only_composition/metric_adapter_seed/normalized_completeness/author_run_output_check_summary.json;analysis/v46_returned_package_regression_suite/aggregate_only_composition/metric_adapter_seed/normalized_schema/author_run_schema_validation_summary.json;analysis/v46_returned_package_regression_suite/aggregate_only_composition/metric_adapter_seed/synthetic_missing_required_package/result_summary.json;analysis/v46_returned_package_regression_suite/aggregate_only_composition/metric_adapter_seed/synthetic_variant_package/result_summary.json;analysis/v46_returned_package_regression_suite/aggregate_only_composition/partial_label_classifier/partial_label_classification_summary.json;analysis/v46_returned_package_regression_suite/aggregate_only_composition/safe_interpretation_classifier/safe_interpretation_summary.json;analysis/v46_returned_package_regression_suite/aggregate_only_composition/terms_governance/terms_governance_summary.json;analysis/v46_returned_package_regression_suite/analyzable_pair_confidence_envelope/analyzable_pair_confidence_envelope_summary.json;analysis/v46_returned_package_regression_suite/command_order_planner/ambiguous_terms_block/returned_package_command_plan_summary.json;analysis/v46_returned_package_regression_suite/command_order_planner/author_run_only_aggregate_return/returned_package_command_plan_summary.json;analysis/v46_returned_package_regression_suite/command_order_planner/canonical_aggregate/returned_package_command_plan_summary.json;analysis/v46_returned_package_regression_suite/command_order_planner/no_processing_block/returned_package_command_plan_summary.json;analysis/v46_returned_package_regression_suite/command_order_planner/noncanonical_declared/returned_package_command_plan_summary.json;analysis/v46_returned_package_regression_suite/command_order_planner/returned_package_command_order_synthetic_summary.json;analysis/v46_returned_package_regression_suite/command_order_planner/unknown_alias_branch/returned_package_command_plan_summary.json;analysis/v46_returned_package_regression_suite/dependency_graph/returned_package_dependency_summary.json;analysis/v46_returned_package_regression_suite/doc_crosslink_linter/returned_package_doc_crosslink_summary.json;analysis/v46_returned_package_regression_suite/first30_repair_template_coverage_linter/first30_repair_template_coverage_summary.json;analysis/v46_returned_package_regression_suite/first30_returned_package_decision_table/first30_returned_package_decision_summary.json;analysis/v46_returned_package_regression_suite/first30_status_board_dryrun/first30_status_board_dryrun_summary.json;analysis/v46_returned_package_regression_suite/handoff_bundle_manifest/returned_package_handoff_bundle_summary.json;analysis/v46_returned_package_regression_suite/metric_format_adapter/adapter/metric_format_adapter_summary.json;analysis/v46_returned_package_regression_suite/metric_format_adapter/adapter/normalized_package/validation_summary.json;analysis/v46_returned_package_regression_suite/metric_format_adapter/metric_format_adapter_synthetic_summary.json;analysis/v46_returned_package_regression_suite/metric_format_adapter/missing_required_adapter/metric_format_adapter_summary.json;analysis/v46_returned_package_regression_suite/metric_format_adapter/missing_required_adapter/normalized_package/validation_summary.json;analysis/v46_returned_package_regression_suite/metric_format_adapter/normalized_completeness/author_run_output_check_summary.json	FAIL;PASS;REFRESH_NEEDED
scripts/v46_returned_package_route_state_matrix.py	DOCUMENTED	3	docs/validation/AUTHOR_RUN_RETURN_OPERATOR_CHECKLIST_V45.md;docs/validation/RETURNED_PACKAGE_ROUTE_STATE_MATRIX_V46.md;meta/V46_QUEUE.md	1	analysis/v46_returned_package_route_state_matrix	1	analysis/v46_returned_package_route_state_matrix/returned_package_route_state_matrix_summary.json	PASS
scripts/v46_returned_package_safe_interpretation.py	DOCUMENTED	3	docs/validation/AUTHOR_RUN_RETURN_OPERATOR_CHECKLIST_V45.md;docs/validation/RETURNED_PACKAGE_SAFE_INTERPRETATION_V46.md;meta/V46_QUEUE.md	1	analysis/v46_returned_package_safe_interpretation	15	analysis/v46_returned_package_safe_interpretation/batch_confounder_warning/safe_interpretation_summary.json;analysis/v46_returned_package_safe_interpretation/below_floor/safe_interpretation_summary.json;analysis/v46_returned_package_safe_interpretation/completeness_block/safe_interpretation_summary.json;analysis/v46_returned_package_safe_interpretation/context_only/safe_interpretation_summary.json;analysis/v46_returned_package_safe_interpretation/eligible_preferred_clean/safe_interpretation_summary.json;analysis/v46_returned_package_safe_interpretation/metadata_contradiction/safe_interpretation_summary.json;analysis/v46_returned_package_safe_interpretation/minimum_clean/safe_interpretation_summary.json;analysis/v46_returned_package_safe_interpretation/redaction_block/safe_interpretation_summary.json;analysis/v46_returned_package_safe_interpretation/safe_interpretation_synthetic_summary.json;analysis/v46_returned_package_safe_interpretation/schema_block/safe_interpretation_summary.json;analysis/v46_returned_package_safe_interpretation/small_clean/safe_interpretation_summary.json;analysis/v46_returned_package_safe_interpretation/synthetic/below_floor_pair_summary.json;analysis/v46_returned_package_safe_interpretation/synthetic/minimum_pair_summary.json;analysis/v46_returned_package_safe_interpretation/synthetic/preferred_pair_summary.json;analysis/v46_returned_package_safe_interpretation/terms_block/safe_interpretation_summary.json	PASS
scripts/v46_returned_package_state_transition_validator.py	DOCUMENTED	2	docs/validation/RETURNED_PACKAGE_STATE_TRANSITION_VALIDATOR_V46.md;meta/V46_QUEUE.md	1	analysis/v46_returned_package_state_transition_validator	1	analysis/v46_returned_package_state_transition_validator/returned_package_state_transition_summary.json	PASS
scripts/v46_returned_package_status_board_schema_linter.py	DOCUMENTED	2	docs/validation/RETURNED_PACKAGE_STATUS_BOARD_SCHEMA_LINTER_V46.md;meta/V46_QUEUE.md	1	analysis/v46_returned_package_status_board_schema_linter	1	analysis/v46_returned_package_status_board_schema_linter/status_board_schema_linter_summary.json	PASS
scripts/v46_safe_class_report_template_readiness.py	DOCUMENTED	2	docs/validation/SAFE_CLASS_REPORT_TEMPLATE_READINESS_V46.md;meta/V46_QUEUE.md	1	analysis/v46_safe_class_report_template_readiness	13	analysis/v46_safe_class_report_template_readiness/report_lint/below_v45_planning_floor/result_report_safe_class_lint_summary.json;analysis/v46_safe_class_report_template_readiness/report_lint/blocked_completeness/result_report_safe_class_lint_summary.json;analysis/v46_safe_class_report_template_readiness/report_lint/blocked_metadata_contradiction/result_report_safe_class_lint_summary.json;analysis/v46_safe_class_report_template_readiness/report_lint/blocked_redaction/result_report_safe_class_lint_summary.json;analysis/v46_safe_class_report_template_readiness/report_lint/blocked_return_gate/result_report_safe_class_lint_summary.json;analysis/v46_safe_class_report_template_readiness/report_lint/blocked_schema/result_report_safe_class_lint_summary.json;analysis/v46_safe_class_report_template_readiness/report_lint/blocked_terms_or_receipt_gates/result_report_safe_class_lint_summary.json;analysis/v46_safe_class_report_template_readiness/report_lint/caution_batch_or_confounder/result_report_safe_class_lint_summary.json;analysis/v46_safe_class_report_template_readiness/report_lint/context_only_or_labels_needed/result_report_safe_class_lint_summary.json;analysis/v46_safe_class_report_template_readiness/report_lint/eligible_for_preregistered_interpretation/result_report_safe_class_lint_summary.json;analysis/v46_safe_class_report_template_readiness/report_lint/inconclusive_small_cohort/result_report_safe_class_lint_summary.json;analysis/v46_safe_class_report_template_readiness/report_lint/minimum_decision_grade_caution/result_report_safe_class_lint_summary.json;analysis/v46_safe_class_report_template_readiness/safe_class_report_template_readiness_summary.json	PASS
scripts/v46_safe_interpretation_examples.py	DOCUMENTED	1	docs/validation/SAFE_INTERPRETATION_EXAMPLES_V46.md	1	analysis/v46_safe_interpretation_examples	1	analysis/v46_safe_interpretation_examples/safe_interpretation_examples_summary.json	PASS
scripts/v46_safe_wording_fixture_linter.py	DOCUMENTED	4	docs/validation/AUTHOR_RUN_RETURN_OPERATOR_CHECKLIST_V45.md;docs/validation/RETURNED_PACKAGE_SAFE_INTERPRETATION_V46.md;docs/validation/SAFE_WORDING_FIXTURE_LINTER_V46.md;meta/V46_QUEUE.md	1	analysis/v46_safe_wording_fixture_linter	1	analysis/v46_safe_wording_fixture_linter/safe_wording_fixture_summary.json	PASS
scripts/v46_sap_ai_core_health_check.py	DOCUMENTED	3	docs/validation/SAP_AI_CORE_HEALTH_CHECK_V46.md;meta/SAP_AI_CORE_ACCESS_V30.md;meta/V46_QUEUE.md	1	analysis/v46_sap_ai_core_health_check	1	analysis/v46_sap_ai_core_health_check/sap_ai_core_health_summary.json	PASS
scripts/v46_small_n_conclusion_language_table.py	DOCUMENTED	2	docs/validation/SMALL_N_CONCLUSION_LANGUAGE_V46.md;meta/V46_QUEUE.md	1	analysis/v46_small_n_conclusion_language	1	analysis/v46_small_n_conclusion_language/small_n_conclusion_language_summary.json	PASS
scripts/v46_status_board_markdown_roundtrip_renderer.py	DOCUMENTED	3	docs/validation/RETURNED_PACKAGE_HANDOFF_BUNDLE_MANIFEST_V46.md;docs/validation/STATUS_BOARD_MARKDOWN_ROUNDTRIP_RENDERER_V46.md;meta/V46_QUEUE.md	1	analysis/v46_status_board_markdown_roundtrip_renderer	1	analysis/v46_status_board_markdown_roundtrip_renderer/status_board_markdown_roundtrip_summary.json	PASS
scripts/v46_terms_governance_matrix.py	DOCUMENTED	3	docs/validation/DATA_USE_TERMS_CAPTURE_V45.md;docs/validation/TERMS_GOVERNANCE_MATRIX_V46.md;meta/V46_QUEUE.md	1	analysis/v46_terms_governance_matrix	6	analysis/v46_terms_governance_matrix/aggregate_only_local_preflight/terms_governance_summary.json;analysis/v46_terms_governance_matrix/ambiguous_terms/terms_governance_summary.json;analysis/v46_terms_governance_matrix/author_run_only/terms_governance_summary.json;analysis/v46_terms_governance_matrix/local_preflight_allowed/terms_governance_summary.json;analysis/v46_terms_governance_matrix/no_processing/terms_governance_summary.json;analysis/v46_terms_governance_matrix/terms_governance_synthetic_summary.json	PASS
scripts/v46_unscoreable_return_composition_dryrun.py	DOCUMENTED	2	docs/validation/UNSCOREABLE_RETURN_COMPOSITION_DRYRUN_V46.md;meta/V46_QUEUE.md	1	analysis/v46_unscoreable_return_composition_dryrun	9	analysis/v46_unscoreable_return_composition_dryrun/author_run_output_check/author_run_output_check_summary.json;analysis/v46_unscoreable_return_composition_dryrun/author_run_return_gate/author_run_return_gate_summary.json;analysis/v46_unscoreable_return_composition_dryrun/author_run_return_gate/output_completeness/author_run_output_check_summary.json;analysis/v46_unscoreable_return_composition_dryrun/author_run_return_gate/redaction_precheck/author_run_redaction_precheck_summary.json;analysis/v46_unscoreable_return_composition_dryrun/command_order_plan/returned_package_command_plan_summary.json;analysis/v46_unscoreable_return_composition_dryrun/route_state_matrix/returned_package_route_state_matrix_summary.json;analysis/v46_unscoreable_return_composition_dryrun/synthetic/unscoreable_aggregate_package/validation_summary.json;analysis/v46_unscoreable_return_composition_dryrun/terms_governance/terms_governance_summary.json;analysis/v46_unscoreable_return_composition_dryrun/unscoreable_composition_summary.json	FAIL;PASS
